Driver Model,Month 1,Month 2,Month 3,Month 4,Month 5,Month 6,Month 7,Month 8,Month 9,Month 10,Month 11,Month 12,Month 13,Month 14,Month 15,Month 16,Month 17,Month 18,Month 19,Month 20,Month 21,Month 22,Month 23,Month 24,Month 25,Month 26,Month 27,Month 28,Month 29,Month 30,Month 31,Month 32,Month 33,Month 34,Month 35,Month 36,Month 37,Month 38,Month 39,Month 40,Month 41,Month 42,Month 43,Month 44,Month 45,Month 46,Month 47,Month 48
BOP Balance,64000000.0,57000000.0,52600000.0,54800000.0,57000000.0,58000000.0,57800000.0,57600000.0,59800000.0,62000000.0,63000000.0,70000000.0,77000000.0,65828125.0,59424934.21052632,60739318.84130479,62168796.14995274,62480628.53943637,61713601.94507022,61102340.68197752,63078617.234981254,65086492.38317862,65889106.760627925,72938800.71098451,79983109.0995885,67739179.26692387,60833079.45983864,61890464.1972065,63093073.44301251,63210321.1392204,62292323.66214032,61572927.545339,63470772.95444917,65407823.99277608,66148245.15546458,73148579.41156657,80138944.70573518,67839011.4521116,60906640.01734539,61950599.25372343,63141357.065033406,63248439.78818427,62322555.69407718,61597510.68549529,63491258.90457941,65424610.139203854,66161782.370325685,73159538.10931127
Internal Sales,12500000.0,8000000.0,9000000.0,10000000.0,10000000.0,9000000.0,8000000.0,9000000.0,10000000.0,10000000.0,15000000.0,20000000.0,12500000.0,8000000.0,9000000.0,10000000.0,10000000.0,9000000.0,8000000.0,9000000.0,10000000.0,10000000.0,15000000.0,20000000.0,12500000.0,8000000.0,9000000.0,10000000.0,10000000.0,9000000.0,8000000.0,9000000.0,10000000.0,10000000.0,15000000.0,20000000.0,12500000.0,8000000.0,9000000.0,10000000.0,10000000.0,9000000.0,8000000.0,9000000.0,10000000.0,10000000.0,15000000.0,20000000.0
External Sales,2500000.0,1600000.0,1800000.0,2000000.0,2000000.0,1800000.0,1600000.0,1800000.0,2000000.0,2000000.0,3000000.0,4000000.0,3000000.0,1920000.0,2160000.0,2400000.0,2400000.0,2160000.0,1920000.0,2160000.0,2400000.0,2400000.0,3600000.0,4800000.0,3000000.0,1920000.0,2160000.0,2400000.0,2400000.0,2160000.0,1920000.0,2160000.0,2400000.0,2400000.0,3600000.0,4800000.0,3000000.0,1920000.0,2160000.0,2400000.0,2400000.0,2160000.0,1920000.0,2160000.0,2400000.0,2400000.0,3600000.0,4800000.0
Payments,23000000.0,15000000.0,9600000.0,10800000.0,12000000.0,12000000.0,10800000.0,9600000.0,10800000.0,12000000.0,12000000.0,18000000.0,27671875.0,17323190.789473683,10845615.369221533,11970522.69135204,13088167.610516366,12927026.594366146,11531261.263092706,10183723.446996253,11392124.851802634,12597385.6225507,12550306.049643414,18755691.611396015,28743929.832664616,17826099.80708523,11102615.262632148,12197390.754193982,13282752.303792108,13077997.477080083,11639396.116801305,10262154.590889834,11462948.961673094,12659578.837311499,12599665.743898015,18809634.7058314,28799933.25362358,17852371.43476621,11116040.763621973,12209242.18869002,13292917.276849138,13085884.09410709,11645045.008581895,10266251.78091588,11466648.765375545,12662827.768878166,12602244.261014415,18812452.65668004
Other Fees,1000000.0,1000000.0,1000000.0,1000000.0,1000000.0,1000000.0,1000000.0,1000000.0,1000000.0,1000000.0,1000000.0,1000000.0,1000000.0,1000000.0,1000000.0,1000000.0,1000000.0,1000000.0,1000000.0,1000000.0,1000000.0,1000000.0,1000000.0,1000000.0,1000000.0,1000000.0,1000000.0,1000000.0,1000000.0,1000000.0,1000000.0,1000000.0,1000000.0,1000000.0,1000000.0,1000000.0,1000000.0,1000000.0,1000000.0,1000000.0,1000000.0,1000000.0,1000000.0,1000000.0,1000000.0,1000000.0,1000000.0,1000000.0
Floating APR Rate,0.6,0.6,0.6,0.6,0.6,0.6,0.6,0.6,0.6,0.6,0.6,0.6,0.6,0.6,0.6,0.6,0.6,0.6,0.6,0.6,0.6,0.6,0.6,0.6,0.6,0.6,0.6,0.6,0.6,0.6,0.6,0.6,0.6,0.6,0.6,0.6,0.6,0.6,0.6,0.6,0.6,0.6,0.6,0.6,0.6,0.6,0.6,0.6
Fixed APR Rate,0.05,0.05,0.05,0.05,0.05,0.05,0.05,0.05,0.05,0.05,0.05,0.05,0.05,0.05,0.05,0.05,0.05,0.05,0.05,0.05,0.05,0.05,0.05,0.05,0.05,0.05,0.05,0.05,0.05,0.05,0.05,0.05,0.05,0.05,0.05,0.05,0.05,0.05,0.05,0.05,0.05,0.05,0.05,0.05,0.05,0.05,0.05,0.05
Promo APR Rate,0.25,0.25,0.25,0.25,0.25,0.25,0.25,0.25,0.25,0.25,0.25,0.25,0.25,0.25,0.25,0.25,0.25,0.25,0.25,0.25,0.25,0.25,0.25,0.25,0.25,0.25,0.25,0.25,0.25,0.25,0.25,0.25,0.25,0.25,0.25,0.25,0.25,0.25,0.25,0.25,0.25,0.25,0.25,0.25,0.25,0.25,0.25,0.25
BOP Accounts,200000.0,200200.0,200400.0,200600.0,200800.0,201000.0,201200.0,201400.0,201600.0,201800.0,202000.0,202200.0,202400.0,202590.52,202781.08747252746,202971.70213331576,203162.3637000822,203353.07189251215,203543.82643224343,203734.6270428508,203925.47344983055,204116.3653805852,204307.30256440843,204498.28473247017,204689.31161780164,204870.67437133042,205052.13033787854,205233.6789592842,205415.31968128108,205597.0519534672,205778.87522927427,205960.7889659372,206142.79262446373,206324.88566960476,206507.06756982437,206689.33779727062,206871.6958277463,207044.32904443532,207217.09907822378,207390.00510984764,207563.04632576052,207736.22191808815,207909.53108458332,208082.97302858098,208256.54695895404,208430.2520900693,208604.08764174394,208778.05283920237
New Accounts,1000.0,1000.0,1000.0,1000.0,1000.0,1000.0,1000.0,1000.0,1000.0,1000.0,1000.0,1000.0,1000.12,1000.12,1000.12,1000.12,1000.12,1000.12,1000.12,1000.12,1000.12,1000.12,1000.12,1000.12,1000.12,1000.12,1000.12,1000.12,1000.12,1000.12,1000.12,1000.12,1000.12,1000.12,1000.12,1000.12,1000.12,1000.12,1000.12,1000.12,1000.12,1000.12,1000.12,1000.12,1000.12,1000.12,1000.12,1000.12
Closed Accounts,800.0,800.0,800.0,800.0,800.0,800.0,800.0,800.0,800.0,800.0,800.0,800.0,809.6,809.5525274725275,809.5053392116864,809.4584332335623,809.4118075700486,809.365460268705,809.319389392618,809.2735930202614,809.2280692453593,809.18281617675,809.1378319382512,809.0931146685268,818.7572464712066,818.6640334518698,818.5713785943254,818.4792780031274,818.3877278138689,818.2967241929042,818.2062633370746,818.1163414734347,818.026954858983,817.9380997803954,817.8497725537599,817.761969524315,827.4867833109852,827.3499662115297,827.2139683761428,827.0787840871291,826.9444076723527,826.8108335048285,826.6780560023193,826.5460696269354,826.4148688847382,826.284448325349,826.1548025415602,826.025926168951
Active Accounts,100100.0,100200.0,100300.0,100400.0,100500.0,100600.0,100700.0,100800.0,100900.0,101000.0,101100.0,101200.0,101295.26,101390.54373626373,101485.85106665788,101581.1818500411,101676.53594625607,101771.91321612171,101867.3135214254,101962.73672491527,102058.1826902926,102153.65128220421,102249.14236623509,102344.65580890082,102435.33718566521,102526.06516893927,102616.8394796421,102707.65984064054,102798.5259767336,102889.43761463714,102980.3944829686,103071.39631223187,103162.44283480238,103253.53378491219,103344.66889863531,103435.84791387315,103522.16452221766,103608.54953911189,103695.00255492382,103781.52316288026,103868.11095904408,103954.76554229166,104041.48651429049,104128.27347947702,104215.12604503465,104302.04382087197,104389.02641960118,104476.07345651671
Applications,2273.0,2273.0,2273.0,2273.0,2273.0,2273.0,2273.0,2273.0,2273.0,2273.0,2273.0,2273.0,2273.0,2273.0,2273.0,2273.0,2273.0,2273.0,2273.0,2273.0,2273.0,2273.0,2273.0,2273.0,2273.0,2273.0,2273.0,2273.0,2273.0,2273.0,2273.0,2273.0,2273.0,2273.0,2273.0,2273.0,2273.0,2273.0,2273.0,2273.0,2273.0,2273.0,2273.0,2273.0,2273.0,2273.0,2273.0,2273.0
Approval Rate,0.44,0.44,0.44,0.44,0.44,0.44,0.44,0.44,0.44,0.44,0.44,0.44,0.44,0.44,0.44,0.44,0.44,0.44,0.44,0.44,0.44,0.44,0.44,0.44,0.44,0.44,0.44,0.44,0.44,0.44,0.44,0.44,0.44,0.44,0.44,0.44,0.44,0.44,0.44,0.44,0.44,0.44,0.44,0.44,0.44,0.44,0.44,0.44
Merchant Sales,125000000.0,80000000.0,90000000.0,100000000.0,100000000.0,90000000.0,80000000.0,90000000.0,100000000.0,100000000.0,150000000.0,200000000.0,125000000.0,80000000.0,90000000.0,100000000.0,100000000.0,90000000.0,80000000.0,90000000.0,100000000.0,100000000.0,150000000.0,200000000.0,125000000.0,80000000.0,90000000.0,100000000.0,100000000.0,90000000.0,80000000.0,90000000.0,100000000.0,100000000.0,150000000.0,200000000.0,125000000.0,80000000.0,90000000.0,100000000.0,100000000.0,90000000.0,80000000.0,90000000.0,100000000.0,100000000.0,150000000.0,200000000.0
Transactions,45000.0,28800.0,32400.0,36000.0,36000.0,32400.0,28800.0,32400.0,36000.0,36000.0,54000.0,72000.0,45000.0,28800.0,32400.0,36000.0,36000.0,32400.0,28800.0,32400.0,36000.0,36000.0,54000.0,72000.0,45000.0,28800.0,32400.0,36000.0,36000.0,32400.0,28800.0,32400.0,36000.0,36000.0,54000.0,72000.0,45000.0,28800.0,32400.0,36000.0,36000.0,32400.0,28800.0,32400.0,36000.0,36000.0,54000.0,72000.0
Customer Interest Percentage,0.22,0.22,0.22,0.22,0.22,0.22,0.22,0.22,0.22,0.22,0.22,0.22,0.22,0.22,0.22,0.22,0.22,0.22,0.22,0.22,0.22,0.22,0.22,0.22,0.22,0.22,0.22,0.22,0.22,0.22,0.22,0.22,0.22,0.22,0.22,0.22,0.22,0.22,0.22,0.22,0.22,0.22,0.22,0.22,0.22,0.22,0.22,0.22
MDR Percentage,0.02,0.02,0.02,0.02,0.02,0.02,0.02,0.02,0.02,0.02,0.02,0.02,0.02,0.02,0.02,0.02,0.02,0.02,0.02,0.02,0.02,0.02,0.02,0.02,0.02,0.02,0.02,0.02,0.02,0.02,0.02,0.02,0.02,0.02,0.02,0.02,0.02,0.02,0.02,0.02,0.02,0.02,0.02,0.02,0.02,0.02,0.02,0.02
Funding Cost Percentage,-0.03,-0.03,-0.03,-0.03,-0.03,-0.03,-0.03,-0.03,-0.03,-0.03,-0.03,-0.03,-0.03,-0.03,-0.03,-0.03,-0.03,-0.03,-0.03,-0.03,-0.03,-0.03,-0.03,-0.03,-0.03,-0.03,-0.03,-0.03,-0.03,-0.03,-0.03,-0.03,-0.03,-0.03,-0.03,-0.03,-0.03,-0.03,-0.03,-0.03,-0.03,-0.03,-0.03,-0.03,-0.03,-0.03,-0.03,-0.03
CVP Percentage,-0.02,-0.02,-0.02,-0.02,-0.02,-0.02,-0.02,-0.02,-0.02,-0.02,-0.02,-0.02,-0.02,-0.02,-0.02,-0.02,-0.02,-0.02,-0.02,-0.02,-0.02,-0.02,-0.02,-0.02,-0.02,-0.02,-0.02,-0.02,-0.02,-0.02,-0.02,-0.02,-0.02,-0.02,-0.02,-0.02,-0.02,-0.02,-0.02,-0.02,-0.02,-0.02,-0.02,-0.02,-0.02,-0.02,-0.02,-0.02
Interchange Percentage,0.00851439616102373,0.00666058394160584,0.00690664984681925,0.00761776982707215,0.00716690042075736,0.00661917098445596,0.00571364678257953,0.00631834917843601,0.00699233716475096,0.0065935483870968,0.009605263157895,0.0112135176651306,0.008655790465502822,0.006993841152634941,0.007407602591047774,0.0083151547810549,0.007934511214384357,0.007406141142077823,0.0064423705060369044,0.007167999403365078,0.007974089071860722,0.007551271111030339,0.01104244836589119,0.012935128253232614,0.008369016864356293,0.0068132893415339775,0.007253123612088309,0.00817707691185664,0.00783060709758345,0.00732892921464574,0.0063877947910207485,0.007118543586764473,0.007929943560904073,0.007517952341294494,0.011005275997962924,0.012904275984099907,0.008354557358948148,0.006804113304035111,0.007245230623277384,0.008169989742551951,0.007825253957905521,0.007324939939095521,0.006384969194803806,0.007115978797897559,0.007927650859281736,0.007516219870477034,0.01100334101573536,0.012902668326850268
NCL Percentage,0.05,0.05,0.05,0.05,0.05,0.05,0.05,0.05,0.05,0.05,0.05,0.05,0.05,0.05,0.05,0.05,0.05,0.05,0.05,0.05,0.05,0.05,0.05,0.05,0.05,0.05,0.05,0.05,0.05,0.05,0.05,0.05,0.05,0.05,0.05,0.05,0.05,0.05,0.05,0.05,0.05,0.05,0.05,0.05,0.05,0.05,0.05,0.05
Front Office Expenses Percentage,0.04,0.04,0.04,0.04,0.04,0.04,0.04,0.04,0.04,0.04,0.04,0.04,0.04,0.04,0.04,0.04,0.04,0.04,0.04,0.04,0.04,0.04,0.04,0.04,0.04,0.04,0.04,0.04,0.04,0.04,0.04,0.04,0.04,0.04,0.04,0.04,0.04,0.04,0.04,0.04,0.04,0.04,0.04,0.04,0.04,0.04,0.04,0.04
Back Office Expenses Percentage,0.02,0.02,0.02,0.02,0.02,0.02,0.02,0.02,0.02,0.02,0.02,0.02,0.02,0.02,0.02,0.02,0.02,0.02,0.02,0.02,0.02,0.02,0.02,0.02,0.02,0.02,0.02,0.02,0.02,0.02,0.02,0.02,0.02,0.02,0.02,0.02,0.02,0.02,0.02,0.02,0.02,0.02,0.02,0.02,0.02,0.02,0.02,0.02
Loan Loss Reserve Percentage,0.0,0.009413882597975399,0.0,0.0,0.027284267233268402,0.0,0.0,0.017879625335328646,0.0,0.0,0.012247421834346859,0.0,0.0,0.012121543412397573,0.0,0.0,0.005058019598530365,0.0,0.0,0.002663777887304874,0.0,0.0,0.0013234652904243502,0.0,0.0,0.0007714593221682916,0.0,0.0,0.0002607674144432726,0.0,0.0,0.00013819386240980389,0.0,0.0,6.8904196853732e-05,0.0,0.0,0.0007704203321424443,0.0,0.0,0.00026058914928763757,0.0,0.0,0.00013814407159578915,0.0,0.0,6.889208190120003e-05,0.0
Days in Month,31.0,28.0,31.0,30.0,31.0,30.0,31.0,31.0,30.0,31.0,30.0,31.0,31.0,28.0,31.0,30.0,31.0,30.0,31.0,31.0,30.0,31.0,30.0,31.0,31.0,28.0,31.0,30.0,31.0,30.0,31.0,31.0,30.0,31.0,30.0,31.0,31.0,28.0,31.0,30.0,31.0,30.0,31.0,31.0,30.0,31.0,30.0,31.0
Days in Year,365.0,365.0,365.0,365.0,365.0,365.0,365.0,365.0,365.0,365.0,365.0,365.0,365.0,365.0,365.0,365.0,365.0,365.0,365.0,365.0,365.0,365.0,365.0,365.0,365.0,365.0,365.0,365.0,365.0,365.0,365.0,365.0,365.0,365.0,365.0,365.0,365.0,365.0,365.0,365.0,365.0,365.0,365.0,365.0,365.0,365.0,365.0,365.0
Balcon CC Sales,0.0,0.0,0.0,0.0,0.0,0.0,0.0,0.0,0.0,0.0,0.0,0.0,0.0,0.0,0.0,0.0,0.0,0.0,0.0,0.0,0.0,0.0,0.0,0.0,0.0,0.0,0.0,0.0,0.0,0.0,0.0,0.0,0.0,0.0,0.0,0.0,0.0,0.0,0.0,0.0,0.0,0.0,0.0,0.0,0.0,0.0,0.0,0.0
Interest Margin Percentage,0.21,0.21,0.21,0.21,0.21,0.21,0.21,0.21,0.21,0.21,0.21,0.21,0.21,0.21,0.21,0.21,0.21,0.21,0.21,0.21,0.21,0.21,0.21,0.21,0.21,0.21,0.21,0.21,0.21,0.21,0.21,0.21,0.21,0.21,0.21,0.21,0.21,0.21,0.21,0.21,0.21,0.21,0.21,0.21,0.21,0.21,0.21,0.21
Interchange,43750.00000000001,28000.000000000004,31500.000000000004,35000.0,35000.0,31500.000000000004,28000.000000000004,31500.000000000004,35000.0,35000.0,52500.00000000001,70000.0,52500.00000000001,33600.0,37800.0,42000.00000000001,42000.00000000001,37800.0,33600.0,37800.0,42000.00000000001,42000.00000000001,63000.00000000001,84000.00000000001,52500.00000000001,33600.0,37800.0,42000.00000000001,42000.00000000001,37800.0,33600.0,37800.0,42000.00000000001,42000.00000000001,63000.00000000001,84000.00000000001,52500.00000000001,33600.0,37800.0,42000.00000000001,42000.00000000001,37800.0,33600.0,37800.0,42000.00000000001,42000.00000000001,63000.00000000001,84000.00000000001
Total Sales,15000000.0,9600000.0,10800000.0,12000000.0,12000000.0,10800000.0,9600000.0,10800000.0,12000000.0,12000000.0,18000000.0,24000000.0,15500000.0,9920000.0,11160000.0,12400000.0,12400000.0,11160000.0,9920000.0,11160000.0,12400000.0,12400000.0,18600000.0,24800000.0,15500000.0,9920000.0,11160000.0,12400000.0,12400000.0,11160000.0,9920000.0,11160000.0,12400000.0,12400000.0,18600000.0,24800000.0,15500000.0,9920000.0,11160000.0,12400000.0,12400000.0,11160000.0,9920000.0,11160000.0,12400000.0,12400000.0,18600000.0,24800000.0
EOP Balance,57000000.0,52600000.0,54800000.0,57000000.0,58000000.0,57800000.0,57600000.0,59800000.0,62000000.0,63000000.0,70000000.0,77000000.0,65828125.0,59424934.21052632,60739318.84130479,62168796.14995274,62480628.53943637,61713601.94507022,61102340.68197752,63078617.234981254,65086492.38317862,65889106.760627925,72938800.71098451,79983109.0995885,67739179.26692387,60833079.45983864,61890464.1972065,63093073.44301251,63210321.1392204,62292323.66214032,61572927.545339,63470772.95444917,65407823.99277608,66148245.15546458,73148579.41156657,80138944.70573518,67839011.4521116,60906640.01734539,61950599.25372343,63141357.065033406,63248439.78818427,62322555.69407718,61597510.68549529,63491258.90457941,65424610.139203854,66161782.370325685,73159538.10931127,80147085.45263124
Internal Sales Derived,12500000.0,8000000.0,9000000.0,10000000.0,10000000.0,9000000.0,8000000.0,9000000.0,10000000.0,10000000.0,15000000.0,20000000.0,12500000.0,8000000.0,9000000.0,10000000.0,10000000.0,9000000.0,8000000.0,9000000.0,10000000.0,10000000.0,15000000.0,20000000.0,12500000.0,8000000.0,9000000.0,10000000.0,10000000.0,9000000.0,8000000.0,9000000.0,10000000.0,10000000.0,15000000.0,20000000.0,12500000.0,8000000.0,9000000.0,10000000.0,10000000.0,9000000.0,8000000.0,9000000.0,10000000.0,10000000.0,15000000.0,20000000.0
Avg Balance,60500000.0,54800000.0,53700000.0,55900000.0,57500000.0,57900000.0,57700000.0,58700000.0,60900000.0,62500000.0,66500000.0,73500000.0,71414062.5,62626529.60526316,60082126.52591555,61454057.49562876,62324712.344694555,62097115.242253296,61407971.31352387,62090478.95847939,64082554.80907994,65487799.57190327,69413953.73580623,76460954.9052865,73861144.18325618,64286129.36338126,61361771.82852257,62491768.8201095,63151697.29111646,62751322.40068036,61932625.603739664,62521850.24989408,64439298.47361262,65778034.57412033,69648412.28351557,76643762.05865088,73988978.07892339,64372825.7347285,61428619.635534406,62545978.15937842,63194898.42660884,62785497.741130725,61960033.18978623,62544384.795037344,64457934.52189163,65793196.254764766,69660660.23981848,76653311.78097126
Payment Rate,0.359375,0.2631578947368421,0.18250950570342206,0.19708029197080293,0.21052631578947367,0.20689655172413793,0.18685121107266436,0.16666666666666666,0.1806020066889632,0.1935483870967742,0.19047619047619047,0.2571428571428571,0.359375,0.2631578947368421,0.18250950570342206,0.19708029197080293,0.21052631578947367,0.20689655172413793,0.18685121107266436,0.16666666666666666,0.1806020066889632,0.1935483870967742,0.19047619047619047,0.2571428571428571,0.359375,0.2631578947368421,0.18250950570342206,0.19708029197080293,0.21052631578947367,0.20689655172413793,0.18685121107266436,0.16666666666666666,0.1806020066889632,0.1935483870967742,0.19047619047619047,0.2571428571428571,0.359375,0.2631578947368421,0.18250950570342206,0.19708029197080293,0.21052631578947367,0.20689655172413793,0.18685121107266436,0.16666666666666666,0.1806020066889632,0.1935483870967742,0.19047619047619047,0.2571428571428571
Sales Turn,2.975206611570248,2.102189781021898,2.4134078212290504,2.5760286225402504,2.5043478260869567,2.238341968911917,1.9965337954939342,2.2078364565587734,2.3645320197044337,2.304,3.2481203007518795,3.9183673469387754,2.604529044962258,1.9007918968257158,2.2289490692749627,2.4213210008238133,2.3874959771501736,2.1566219216070057,1.9385105460043723,2.1568524232121615,2.322004802138699,2.272178955052886,3.215491813785927,3.8921826227339458,2.518238812257189,1.8517213772059469,2.1824663142753393,2.3811135899887828,2.3562312080712937,2.134138291857703,1.9220887026758322,2.141971158318797,2.3091499057975065,2.2621533307190633,3.2046674530271684,3.882899168914289,2.513887944250229,1.8492275061925563,2.1800913123975154,2.379049850668748,2.3546204472946233,2.1329766397992436,1.9212384802211997,2.1411994128468272,2.3084822854425093,2.261632029911054,3.2041039983198067,3.882415424533262
Floating APR,36300000.0,32880000.0,32220000.0,33540000.0,34500000.0,34740000.0,34620000.0,35220000.0,36540000.0,37500000.0,39900000.0,44100000.0,42848437.5,37575917.7631579,36049275.91554933,36872434.497377254,37394827.40681673,37258269.145351976,36844782.788114324,37254287.375087634,38449532.885447964,39292679.743141964,41648372.24148373,45876572.9431719,44316686.50995371,38571677.61802875,36817063.09711354,37495061.2920657,37891018.37466987,37650793.440408215,37159575.362243794,37513110.149936445,38663579.08416757,39466820.7444722,41789047.37010934,45986257.235190526,44393386.84735403,38623695.4408371,36857171.78132064,37527586.89562705,37916939.055965304,37671298.644678436,37176019.913871735,37526630.87702241,38674760.713134974,39475917.752858855,41796396.14389109,45991987.06858275
Fixed APR,3025000.0,2740000.0,2685000.0,2795000.0,2875000.0,2895000.0,2885000.0,2935000.0,3045000.0,3125000.0,3325000.0,3675000.0,3570703.125,3131326.480263158,3004106.3262957777,3072702.874781438,3116235.617234728,3104855.762112665,3070398.5656761937,3104523.9479239695,3204127.740453997,3274389.9785951637,3470697.6867903117,3823047.7452643253,3693057.209162809,3214306.4681690633,3068088.5914261285,3124588.4410054754,3157584.864555823,3137566.1200340185,3096631.2801869833,3126092.512494704,3221964.9236806314,3288901.7287060167,3482420.614175779,3832188.1029325444,3699448.9039461697,3218641.286736425,3071430.9817767204,3127298.907968921,3159744.921330442,3139274.8870565365,3098001.6594893117,3127219.2397518675,3222896.7260945817,3289659.8127382384,3483033.0119909244,3832665.589048563
Promo APR,15125000.0,13700000.0,13425000.0,13975000.0,14375000.0,14475000.0,14425000.0,14675000.0,15225000.0,15625000.0,16625000.0,18375000.0,17853515.625,15656632.40131579,15020531.631478887,15363514.37390719,15581178.086173639,15524278.810563324,15351992.828380968,15522619.739619847,16020638.702269984,16371949.892975818,17353488.433951557,19115238.726321626,18465286.045814045,16071532.340845315,15340442.957130643,15622942.205027375,15787924.322779115,15687830.60017009,15483156.400934916,15630462.56247352,16109824.618403155,16444508.643530082,17412103.070878893,19160940.51466272,18497244.519730847,16093206.433682125,15357154.908883601,15636494.539844604,15798724.60665221,15696374.435282681,15490008.297446558,15636096.198759336,16114483.630472908,16448299.063691191,17415165.05995462,19163327.945242815
Total Average Balance,60500000.0,54800000.0,53700000.0,55900000.0,57500000.0,57900000.0,57700000.0,58700000.0,60900000.0,62500000.0,66500000.0,73500000.0,71414062.5,62626529.60526316,60082126.52591555,61454057.49562876,62324712.344694555,62097115.242253296,61407971.31352387,62090478.95847939,64082554.80907994,65487799.57190327,69413953.73580623,76460954.9052865,73861144.18325618,64286129.36338126,61361771.82852257,62491768.8201095,63151697.29111646,62751322.40068036,61932625.603739664,62521850.24989408,64439298.47361262,65778034.57412033,69648412.28351557,76643762.05865088,73988978.07892339,64372825.7347285,61428619.635534406,62545978.15937842,63194898.42660884,62785497.741130725,61960033.18978623,62544384.795037344,64457934.52189163,65793196.254764766,69660660.23981848,76653311.78097126
Total Average Balance Percentage,1.0,1.0,1.0,1.0,1.0,1.0,1.0,1.0,1.0,1.0,1.0,1.0,1.0,1.0,1.0,1.0,1.0,1.0,1.0,1.0,1.0,1.0,1.0,1.0,1.0,1.0,1.0,1.0,1.0,1.0,1.0,1.0,1.0,1.0,1.0,1.0,1.0,1.0,1.0,1.0,1.0,1.0,1.0,1.0,1.0,1.0,1.0,1.0
Transactors Percentage,0.09999999999999998,0.09999999999999998,0.09999999999999998,0.09999999999999998,0.09999999999999998,0.09999999999999998,0.09999999999999998,0.09999999999999998,0.09999999999999998,0.09999999999999998,0.09999999999999998,0.09999999999999998,0.09999999999999998,0.09999999999999998,0.09999999999999998,0.09999999999999998,0.09999999999999998,0.09999999999999998,0.09999999999999998,0.09999999999999998,0.09999999999999998,0.09999999999999998,0.09999999999999998,0.09999999999999998,0.09999999999999998,0.09999999999999998,0.09999999999999998,0.09999999999999998,0.09999999999999998,0.09999999999999998,0.09999999999999998,0.09999999999999998,0.09999999999999998,0.09999999999999998,0.09999999999999998,0.09999999999999998,0.09999999999999998,0.09999999999999998,0.09999999999999998,0.09999999999999998,0.09999999999999998,0.09999999999999998,0.09999999999999998,0.09999999999999998,0.09999999999999998,0.09999999999999998,0.09999999999999998,0.09999999999999998
Transactors,6049999.999999999,5479999.999999999,5369999.999999999,5589999.999999999,5749999.999999999,5789999.999999999,5769999.999999999,5869999.999999999,6089999.999999999,6249999.999999999,6649999.999999998,7349999.999999998,7141406.249999998,6262652.960526315,6008212.6525915535,6145405.749562874,6232471.234469454,6209711.524225328,6140797.131352386,6209047.895847938,6408255.480907992,6548779.9571903255,6941395.373580622,7646095.490528649,7386114.418325616,6428612.936338125,6136177.182852256,6249176.882010949,6315169.729111644,6275132.240068035,6193262.560373965,6252185.024989407,6443929.847361261,6577803.4574120315,6964841.228351556,7664376.205865086,7398897.807892337,6437282.573472848,6142861.963553439,6254597.81593784,6319489.8426608825,6278549.774113071,6196003.318978622,6254438.479503733,6445793.452189161,6579319.625476475,6966066.023981847,7665331.178097124
EOP Accounts,200200.0,200400.0,200600.0,200800.0,201000.0,201200.0,201400.0,201600.0,201800.0,202000.0,202200.0,202400.0,202590.52,202781.08747252746,202971.70213331576,203162.3637000822,203353.07189251215,203543.82643224343,203734.6270428508,203925.47344983055,204116.3653805852,204307.30256440843,204498.28473247017,204689.31161780164,204870.67437133042,205052.13033787854,205233.6789592842,205415.31968128108,205597.0519534672,205778.87522927427,205960.7889659372,206142.79262446373,206324.88566960476,206507.06756982437,206689.33779727062,206871.6958277463,207044.32904443532,207217.09907822378,207390.00510984764,207563.04632576052,207736.22191808815,207909.53108458332,208082.97302858098,208256.54695895404,208430.2520900693,208604.08764174394,208778.05283920237,208952.14691303342
Attrition Rate,0.004,0.003996003996003996,0.003992015968063872,0.003988035892323031,0.00398406374501992,0.003980099502487562,0.003976143141153081,0.003972194637537239,0.003968253968253968,0.003964321110009911,0.0039603960396039604,0.003956478733926805,0.004,0.003996003996003996,0.003992015968063872,0.003988035892323031,0.00398406374501992,0.003980099502487562,0.003976143141153081,0.003972194637537239,0.003968253968253968,0.003964321110009911,0.0039603960396039604,0.003956478733926805,0.004,0.003996003996003996,0.003992015968063872,0.003988035892323031,0.00398406374501992,0.003980099502487562,0.003976143141153081,0.003972194637537239,0.003968253968253968,0.003964321110009911,0.0039603960396039604,0.003956478733926805,0.004,0.003996003996003996,0.003992015968063872,0.003988035892323031,0.00398406374501992,0.003980099502487562,0.003976143141153081,0.003972194637537239,0.003968253968253968,0.003964321110009911,0.0039603960396039604,0.003956478733926805
Active Rate,0.5,0.5,0.5,0.5,0.5,0.5,0.5,0.5,0.5,0.5,0.5,0.5,0.5,0.5,0.5,0.5,0.5,0.5,0.5,0.5,0.5,0.5,0.5,0.5,0.5,0.5,0.5,0.5,0.5,0.5,0.5,0.5,0.5,0.5,0.5,0.5,0.5,0.5,0.5,0.5,0.5,0.5,0.5,0.5,0.5,0.5,0.5,0.5
Balance Per Active,604.3956043956044,546.9061876247505,535.3938185443669,556.7729083665339,572.139303482587,575.5467196819086,572.9890764647467,582.3412698412699,603.5678889990089,618.8118811881188,657.7645895153314,726.2845849802371,705.0089263801683,617.676237817274,592.0246605258544,604.9748228599084,612.9704534548462,610.1596528934712,602.8231155875937,608.9526522418965,627.9021742288503,641.0715500612913,678.8707673183208,747.0927944499157,721.0514087475694,627.0223016698492,597.9698082661762,608.4431182354916,614.3249301591113,609.8908095475226,601.4021009987721,606.5877875613331,624.6391293467286,637.0535919007168,673.9429621844315,740.9787187365549,714.7162969437725,621.3080486222614,592.3971080766182,602.6696877556462,608.4148237905956,603.9694035535856,595.5319869567203,600.6474774343053,618.5084350810777,630.7948899616753,667.3178458414884,733.6925024548767
Sales Per Active,149.85014985014985,95.80838323353294,107.67696909272183,119.5219123505976,119.40298507462687,107.3558648111332,95.33267130089375,107.14285714285714,118.92963330029733,118.81188118811882,178.04154302670622,237.15415019762847,153.0180188095672,97.83949897540568,109.9660680055774,122.06985363003022,121.95537431128024,109.65697359251513,97.38158057848027,109.45175030078396,121.49932198606004,121.38577372769988,181.90861624421927,242.3184660106421,151.31497026173764,96.75588333224465,108.75408029121775,120.73101479714005,120.62429769475969,108.46594420895512,96.32901534127079,108.27446216206543,120.19878222403625,120.09274206372912,179.9802563424306,239.76213759711197,149.72639020384307,95.74499444425899,107.62331573393729,119.48176922147094,119.38216537787432,107.35438574444002,95.34658079532005,107.17550216752187,118.98464714845298,118.88549395346197,178.1796481675728,237.3749240329351
Credit Penetration Rate,0.1,0.1,0.1,0.1,0.1,0.1,0.1,0.1,0.1,0.1,0.1,0.1,0.1,0.1,0.1,0.1,0.1,0.1,0.1,0.1,0.1,0.1,0.1,0.1,0.1,0.1,0.1,0.1,0.1,0.1,0.1,0.1,0.1,0.1,0.1,0.1,0.1,0.1,0.1,0.1,0.1,0.1,0.1,0.1,0.1,0.1,0.1,0.1
Average Ticket,333.3333333333333,333.3333333333333,333.3333333333333,333.3333333333333,333.3333333333333,333.3333333333333,333.3333333333333,333.3333333333333,333.3333333333333,333.3333333333333,333.3333333333333,333.3333333333333,344.44444444444446,344.44444444444446,344.44444444444446,344.44444444444446,344.44444444444446,344.44444444444446,344.44444444444446,344.44444444444446,344.44444444444446,344.44444444444446,344.44444444444446,344.44444444444446,344.44444444444446,344.44444444444446,344.44444444444446,344.44444444444446,344.44444444444446,344.44444444444446,344.44444444444446,344.44444444444446,344.44444444444446,344.44444444444446,344.44444444444446,344.44444444444446,344.44444444444446,344.44444444444446,344.44444444444446,344.44444444444446,344.44444444444446,344.44444444444446,344.44444444444446,344.44444444444446,344.44444444444446,344.44444444444446,344.44444444444446,344.44444444444446
Customer Interest,1130438.3561643835,924843.8356164383,1003380.8219178083,1010794.5205479452,1074383.5616438356,1046958.904109589,1078120.5479452056,1096805.4794520547,1101205.4794520547,1167808.2191780822,1202465.7534246575,1373342.4657534247,1334366.8664383562,1056929.924297044,1122630.4189225864,1111224.053345616,1164532.9813447036,1122851.9468462241,1147403.737967761,1160156.3465666561,1158753.0458628153,1223635.0495352885,1255156.4237159481,1428667.7053535725,1380090.4200816634,1084938.5119956948,1146540.50375486,1129988.1485280073,1179985.1384257923,1134681.4461492887,1157206.8674452177,1168216.4896007606,1165203.7532214886,1229058.0706726045,1259395.9481402817,1432083.444493148,1382478.987666459,1086401.66171487,1147789.5504502594,1130968.3721969796,1180792.3486834855,1135299.4112094871,1157718.976313266,1168637.5460333005,1165540.7338205064,1229341.3656369746,1259617.418035074,1432261.8804006136
MDR,102767.12328767123,84076.71232876713,91216.43835616438,91890.4109589041,97671.23287671233,95178.08219178082,98010.95890410959,99709.5890410959,100109.5890410959,106164.38356164383,109315.06849315068,124849.31506849315,121306.07876712328,96084.53857245854,102057.31081114424,101020.3684859651,105866.63466770035,102077.4497132931,104309.43072434192,105468.75877878693,105341.18598752868,111239.5499577535,114105.12942872256,129878.88230487025,125462.76546196942,98630.77381779041,104230.95488680546,102726.19532072793,107271.3762205266,103152.85874084443,105200.62431320162,106201.49905461461,105927.61392922624,111732.55187932767,114490.5407400256,130189.40404483164,125679.90796967808,98763.78742862456,104344.50458638721,102815.30656336178,107344.75897122597,103209.03738268065,105247.17966484238,106239.77691211824,105958.24852913694,111758.30596699768,114510.6743668249,130205.62549096489
Funding Cost,-154150.68493150684,-126115.06849315068,-136824.65753424657,-137835.61643835617,-146506.84931506848,-142767.12328767125,-147016.43835616438,-149564.38356164383,-150164.38356164383,-159246.57534246575,-163972.60273972602,-187273.97260273973,-181959.11815068492,-144126.8078586878,-153085.9662167163,-151530.5527289476,-158799.9520015505,-153116.17456993964,-156464.1460865129,-158203.13816818036,-158011.77898129297,-166859.32493663023,-171157.69414308385,-194818.32345730535,-188194.1481929541,-147946.16072668563,-156346.4323302082,-154089.29298109192,-160907.06433078987,-154729.28811126665,-157800.93646980243,-159302.24858192191,-158891.42089383936,-167598.82781899153,-171735.8111100384,-195284.10606724743,-188519.8619545171,-148145.6811429368,-156516.75687958082,-154222.95984504267,-161017.13845683896,-154813.55607402095,-157870.76949726357,-159359.66536817732,-158937.37279370538,-167637.4589504965,-171766.01155023737,-195308.4382364473
Interest Margin,1079054.7945205478,882805.4794520548,957772.6027397261,964849.3150684931,1025547.9452054794,999369.8630136986,1029115.0684931506,1046950.6849315069,1051150.6849315069,1114726.0273972603,1147808.2191780822,1310917.808219178,1273713.8270547944,1008887.6550108145,1071601.7635170142,1060713.8691026333,1111599.6640108537,1071813.2219895774,1095249.02260559,1107421.9671772625,1106082.452869051,1168015.274556412,1198103.859001587,1363728.2642011372,1317359.0373506786,1035623.1250867994,1094425.0263114574,1078625.0508676434,1126349.4503155292,1083105.0167788665,1104606.555288617,1115115.7400734532,1112239.9462568753,1173191.7947329406,1202150.6777702686,1366988.7424707322,1319639.03368162,1037019.7680005577,1095617.2981570656,1079560.7189152988,1127119.9691978728,1083694.8925181467,1105095.3864808448,1115517.6575772413,1112561.6095559376,1173462.2126534756,1202362.0808516613,1367159.067655131
CVP,-102767.12328767123,-84076.71232876713,-91216.43835616438,-91890.4109589041,-97671.23287671233,-95178.08219178082,-98010.95890410959,-99709.5890410959,-100109.5890410959,-106164.38356164383,-109315.06849315068,-124849.31506849315,-121306.07876712328,-96084.53857245854,-102057.31081114424,-101020.3684859651,-105866.63466770035,-102077.4497132931,-104309.43072434192,-105468.75877878693,-105341.18598752868,-111239.5499577535,-114105.12942872256,-129878.88230487025,-125462.76546196942,-98630.77381779041,-104230.95488680546,-102726.19532072793,-107271.3762205266,-103152.85874084443,-105200.62431320162,-106201.49905461461,-105927.61392922624,-111732.55187932767,-114490.5407400256,-130189.40404483164,-125679.90796967808,-98763.78742862456,-104344.50458638721,-102815.30656336178,-107344.75897122597,-103209.03738268065,-105247.17966484238,-106239.77691211824,-105958.24852913694,-111758.30596699768,-114510.6743668249,-130205.62549096489
Total Revenue,1020037.6712328766,826728.7671232877,898056.1643835617,907958.904109589,962876.712328767,935691.7808219178,959104.1095890411,978741.095890411,986041.095890411,1043561.6438356165,1090993.1506849315,1256068.493150685,1204907.7482876712,946403.116438356,1007344.4527058699,1001693.5006166683,1047733.0293431534,1007535.7722762843,1024539.5918812482,1039753.2083984755,1042741.2668815223,1098775.7245986585,1146998.7295728642,1317849.381896267,1244396.2718887092,970592.3512690089,1027994.0714246519,1017898.8555469156,1061078.0740950026,1017752.1580380221,1033005.9309754154,1046714.2410188386,1048312.332327649,1103459.2428536129,1150660.137030243,1320799.3384259006,1246459.1257119419,971855.9805719331,1029072.7935706784,1018745.412351937,1061775.2102266469,1018285.855135466,1033448.2068160025,1047077.8806651231,1048603.3610268007,1103703.9066864778,1150851.4064848365,1320953.4421641661
NCL,256917.80821917808,210191.7808219178,228041.09589041097,229726.02739726027,244178.08219178082,237945.20547945207,245027.39726027398,249273.97260273973,250273.97260273973,265410.9589041096,273287.6712328767,312123.2876712329,303265.1969178082,240211.34643114638,255143.27702786057,252550.92121491273,264666.58666925086,255193.62428323276,260773.5768108548,263671.8969469673,263352.9649688217,278098.87489438377,285262.8235718064,324697.2057621756,313656.9136549235,246576.9345444761,260577.38721701363,256815.4883018199,268178.4405513165,257882.14685211112,263001.56078300404,265503.74763653654,264819.03482306557,279331.37969831924,286226.351850064,325473.5101120791,314199.7699241952,246909.46857156136,260861.26146596804,257038.26640840445,268361.89742806496,258022.59345670164,263117.9491621059,265599.4422802956,264895.6213228423,279395.7649174942,286276.6859170623,325514.0637274122
Net Credit Margin,763119.8630136985,616536.9863013698,670015.0684931508,678232.8767123288,718698.6301369863,697746.5753424658,714076.7123287672,729467.1232876712,735767.1232876712,778150.6849315069,817705.4794520548,943945.2054794522,901642.5513698631,706191.7700072096,752201.1756780094,749142.5794017555,783066.4426739025,752342.1479930516,763766.0150703933,776081.3114515082,779388.3019127005,820676.8497042747,861735.9060010578,993152.1761340913,930739.3582337857,724015.4167245328,767416.6842076383,761083.3672450957,792899.6335436861,759870.011185911,770004.3701924114,781210.4933823021,783493.2975045834,824127.8631552936,864433.7851801789,995325.8283138215,932259.3557877466,724946.5120003717,768211.5321047103,761707.1459435326,793413.3127985819,760263.2616787644,770330.2576538966,781478.4383848275,783707.7397039584,824308.1417689836,864574.7205677743,995439.378436754
Total Revenue Percentage,0.19851439616102373,0.19666058394160585,0.19690664984681924,0.19761776982707216,0.19716690042075735,0.19661917098445597,0.19571364678257952,0.19631834917843602,0.19699233716475095,0.1965935483870968,0.199605263157895,0.2012135176651306,0.19865579046550283,0.19699384115263494,0.19740760259104778,0.1983151547810549,0.19793451121438435,0.19740614114207783,0.1964423705060369,0.19716799940336507,0.19797408907186073,0.19755127111103035,0.2010424483658912,0.20293512825323262,0.1983690168643563,0.19681328934153397,0.1972531236120883,0.19817707691185665,0.19783060709758346,0.19732892921464573,0.19638779479102075,0.19711854358676448,0.19792994356090407,0.1975179523412945,0.20100527599796292,0.2029042759840999,0.19835455735894814,0.1968041133040351,0.1972452306232774,0.19816998974255196,0.1978252539579055,0.19732493993909553,0.1963849691948038,0.19711597879789755,0.19792765085928174,0.19751621987047704,0.20100334101573536,0.20290266832685028
Front Office Expenses,205534.24657534246,185643.83561643836,205534.24657534246,198904.1095890411,205534.24657534246,198904.1095890411,205534.24657534246,205534.24657534246,198904.1095890411,205534.24657534246,198904.1095890411,205534.24657534246,205534.24657534246,185643.83561643836,205534.24657534246,198904.1095890411,205534.24657534246,198904.1095890411,205534.24657534246,205534.24657534246,198904.1095890411,205534.24657534246,198904.1095890411,205534.24657534246,205534.24657534246,185643.83561643836,205534.24657534246,198904.1095890411,205534.24657534246,198904.1095890411,205534.24657534246,205534.24657534246,198904.1095890411,205534.24657534246,198904.1095890411,205534.24657534246,205534.24657534246,185643.83561643836,205534.24657534246,198904.1095890411,205534.24657534246,198904.1095890411,205534.24657534246,205534.24657534246,198904.1095890411,205534.24657534246,198904.1095890411,205534.24657534246
Back Office Expenses,102767.12328767123,92821.91780821918,102767.12328767123,99452.05479452055,102767.12328767123,99452.05479452055,102767.12328767123,102767.12328767123,99452.05479452055,102767.12328767123,99452.05479452055,102767.12328767123,102767.12328767123,92821.91780821918,102767.12328767123,99452.05479452055,102767.12328767123,99452.05479452055,102767.12328767123,102767.12328767123,99452.05479452055,102767.12328767123,99452.05479452055,102767.12328767123,102767.12328767123,92821.91780821918,102767.12328767123,99452.05479452055,102767.12328767123,99452.05479452055,102767.12328767123,102767.12328767123,99452.05479452055,102767.12328767123,99452.05479452055,102767.12328767123,102767.12328767123,92821.91780821918,102767.12328767123,99452.05479452055,102767.12328767123,99452.05479452055,102767.12328767123,102767.12328767123,99452.05479452055,102767.12328767123,99452.05479452055,102767.12328767123
Total Expenses,308301.3698630137,278465.7534246575,308301.3698630137,298356.16438356164,308301.3698630137,298356.16438356164,308301.3698630137,308301.3698630137,298356.16438356164,308301.3698630137,298356.16438356164,308301.3698630137,308301.3698630137,278465.7534246575,308301.3698630137,298356.16438356164,308301.3698630137,298356.16438356164,308301.3698630137,308301.3698630137,298356.16438356164,308301.3698630137,298356.16438356164,308301.3698630137,308301.3698630137,278465.7534246575,308301.3698630137,298356.16438356164,308301.3698630137,298356.16438356164,308301.3698630137,308301.3698630137,298356.16438356164,308301.3698630137,298356.16438356164,308301.3698630137,308301.3698630137,278465.7534246575,308301.3698630137,298356.16438356164,308301.3698630137,298356.16438356164,308301.3698630137,308301.3698630137,298356.16438356164,308301.3698630137,298356.16438356164,308301.3698630137
Operating Income,454818.4931506848,338071.23287671234,361713.6986301371,379876.7123287671,410397.2602739726,399390.41095890413,405775.3424657535,421165.75342465757,437410.9589041096,469849.3150684932,519349.3150684932,635643.8356164384,593341.1815068494,427726.0165825521,443899.8058149957,450786.41501819383,474765.0728108888,453985.9836094899,455464.64520737965,467779.9415884945,481032.1375291389,512375.479841261,563379.7416174961,684850.8062710776,622437.988370772,445549.66329987533,459115.3143446246,462727.202861534,484598.26368067245,461513.8468023494,461703.0003293977,472909.12351928843,485137.13312102173,515826.49329227995,566077.6207966174,687024.4584508077,623957.9859247329,446480.7585757142,459910.1622416967,463350.98155997094,485111.9429355682,461907.0972952027,462028.8877908829,473177.0685218138,485351.57532039675,516006.7719059699,566218.5561842127,687138.0085737403
Net Credit Margin Percentage,0.14851439616102374,0.14666058394160586,0.14690664984681923,0.14761776982707214,0.14716690042075736,0.14661917098445598,0.14571364678257953,0.146318349178436,0.14699233716475096,0.14659354838709682,0.14960526315789502,0.15121351766513058,0.1486557904655028,0.14699384115263492,0.1474076025910478,0.1483151547810549,0.14793451121438433,0.14740614114207784,0.14644237050603692,0.14716799940336506,0.14797408907186071,0.14755127111103034,0.1510424483658912,0.15293512825323263,0.14836901686435627,0.14681328934153398,0.1472531236120883,0.14817707691185666,0.14783060709758344,0.14732892921464574,0.14638779479102076,0.14711854358676446,0.14792994356090405,0.1475179523412945,0.15100527599796293,0.1529042759840999,0.14835455735894815,0.1468041133040351,0.14724523062327738,0.14816998974255197,0.14782525395790552,0.1473249399390955,0.14638496919480382,0.14711597879789756,0.14792765085928172,0.14751621987047703,0.15100334101573537,0.1529026683268503
Total Expenses Percentage,0.06,0.06,0.06,0.06,0.06,0.06,0.06,0.06,0.06,0.06,0.06,0.06,0.06,0.06,0.06,0.06,0.06,0.06,0.06,0.06,0.06,0.06,0.06,0.06,0.06,0.06,0.06,0.06,0.06,0.06,0.06,0.06,0.06,0.06,0.06,0.06,0.06,0.06,0.06,0.06,0.06,0.06,0.06,0.06,0.06,0.06,0.06,0.06
Operating Income Percentage,0.08851439616102375,0.08666058394160586,0.08690664984681923,0.08761776982707215,0.08716690042075736,0.08661917098445598,0.08571364678257953,0.086318349178436,0.08699233716475097,0.08659354838709682,0.08960526315789502,0.09121351766513058,0.08865579046550282,0.08699384115263492,0.0874076025910478,0.0883151547810549,0.08793451121438434,0.08740614114207784,0.08644237050603693,0.08716799940336506,0.08797408907186072,0.08755127111103034,0.0910424483658912,0.09293512825323264,0.08836901686435628,0.08681328934153398,0.08725312361208831,0.08817707691185667,0.08783060709758345,0.08732892921464575,0.08638779479102077,0.08711854358676446,0.08792994356090406,0.0875179523412945,0.09100527599796293,0.0929042759840999,0.08835455735894815,0.08680411330403509,0.08724523062327738,0.08816998974255197,0.08782525395790552,0.08732493993909551,0.08638496919480382,0.08711597879789756,0.08792765085928173,0.08751621987047703,0.09100334101573537,0.09290266832685029
LLR Balance,5041666.666666667,5081241.081621005,5081241.081621005,5081241.081621005,5214485.482561556,5214485.482561556,5214485.482561556,5303623.987281275,5303623.987281275,5303623.987281275,5370565.375115582,5370565.375115582,5370565.375115582,5428800.020393894,5428800.020393894,5428800.020393894,5455573.796042878,5455573.796042878,5455573.796042878,5469621.063414699,5469621.063414699,5469621.063414699,5477171.772327614,5477171.772327614,5477171.772327614,5480976.253823334,5480976.253823334,5480976.253823334,5482374.897794374,5482374.897794374,5482374.897794374,5483108.717561778,5483108.717561778,5483108.717561778,5483503.16149963,5483503.16149963,5483503.16149963,5487307.64299535,5487307.64299535,5487307.64299535,5488706.28696639,5488706.28696639,5488706.28696639,5489440.106733793,5489440.106733793,5489440.106733793,5489834.550671645,5489834.550671645
Loan Loss Reserve,0.0,39574.41495433822,0.0,0.0,133244.4009405505,0.0,0.0,89138.50471971929,0.0,0.0,66941.3878343068,0.0,0.0,58234.645278312266,0.0,0.0,26773.775648984127,0.0,0.0,14047.267371821217,0.0,0.0,7550.708912914619,0.0,0.0,3804.4814957203344,0.0,0.0,1398.6439710399136,0.0,0.0,733.8197674034163,0.0,0.0,394.4439378520474,0.0,0.0,3804.4814957203344,0.0,0.0,1398.6439710399136,0.0,0.0,733.8197674034163,0.0,0.0,394.4439378520474,0.0
Total EBIT,454818.4931506848,298496.8179223741,361713.6986301371,379876.7123287671,277152.8593334221,399390.41095890413,405775.3424657535,332027.2487049383,437410.9589041096,469849.3150684932,452407.9272341864,635643.8356164384,593341.1815068494,369491.37130423984,443899.8058149957,450786.41501819383,447991.2971619047,453985.9836094899,455464.64520737965,453732.6742166733,481032.1375291389,512375.479841261,555829.0327045815,684850.8062710776,622437.988370772,441745.181804155,459115.3143446246,462727.202861534,483199.61970963253,461513.8468023494,461703.0003293977,472175.303751885,485137.13312102173,515826.49329227995,565683.1768587653,687024.4584508077,623957.9859247329,442676.27707999386,459910.1622416967,463350.98155997094,483713.2989645283,461907.0972952027,462028.8877908829,472443.24875441036,485351.57532039675,516006.7719059699,565824.1122463606,687138.0085737403
Total EBIT Percentage,0.08851439616102375,0.07724670134363046,0.08690664984681923,0.08761776982707215,0.05988263318748896,0.08661917098445598,0.08571364678257953,0.06843872384310735,0.08699233716475097,0.08659354838709682,0.07735784132354816,0.09121351766513058,0.08865579046550282,0.07487229774023735,0.0874076025910478,0.0883151547810549,0.08287649161585398,0.08740614114207784,0.08644237050603693,0.08450422151606019,0.08797408907186072,0.08755127111103034,0.08971898307546686,0.09293512825323264,0.08836901686435628,0.08604183001936569,0.08725312361208831,0.08817707691185667,0.08756983968314018,0.08732892921464575,0.08638779479102077,0.08698034972435466,0.08792994356090406,0.0875179523412945,0.0909363718011092,0.0929042759840999,0.08835455735894815,0.08603369297189264,0.08724523062327738,0.08816998974255197,0.08756466480861788,0.08732493993909551,0.08638496919480382,0.08697783472630177,0.08792765085928173,0.08751621987047703,0.09093444893383418,0.09290266832685029
